<?xml version="1.0"?>
<!DOCTYPE hibernate-mapping PUBLIC 
	"-//Hibernate/Hibernate Mapping DTD 3.0//EN"
	"C:/hibernate-3.1/src/org/hibernate/hibernate-mapping-3.0.dtd">

<hibernate-mapping>
     <typedef name="EnumUserType" class="gov.nih.nci.cg.enums.EnumUserType">
              <param name="enumClassName">gov.nih.nci.cg.findings.TimeCourse</param>
    </typedef>

	<class name="gov.nih.nci.cg.findings.Specimen" table="SPECIMEN_NOW">
		<id name="specimenID" column="SPECIMEN_ID" type="string">
			    <generator class="native"/>
		</id>
		<property name="genoType" column="GENO_TYPE"
                  type="string"/>

        <property name='samplingType' column="SPECIMEN_TYPE"
                  type="string">
        </property>

        <property name="timeCourse" column="TIME_COURSE"
                  type="EnumUserType"/>

        <!--<set name="fishFindings" lazy="true" batch-size="9" outer-join="true">
            <key column="SPECIMEN_ID"/>
            <one-to-many  class="gov.nih.nci.cg.findings.FISHFinding"/>
        </set>
-->
        <many-to-one name="studyParticipant"
                           column="PARTICIPANT_DID"
                           class="gov.nih.nci.cg.findings.StudyParticipant"
                           not-null="true"
                           outer-join="true"/>

    </class>
</hibernate-mapping>
